,fft1,fft2,fft3,fft4,velocity1,velocity2,velocity3,velocity4,rolling1,rolling2,dwt1,dwt2,dwt3
0,-0.2116963076963225,-0.21169630769632283,-1.1327475607980644,-1.1327475607980644,-0.14927113524721322,0.14518456422411125,0.5922204875055815,0.4668073221416257,-0.07609544125452192,5.992334865140196,0.9327797385392681,1.0097802803621838,1.0854912174013949
1,0.32279123598134674,0.3227912359813462,-0.6391044519353534,-0.639104451935353,-0.029372707258322556,0.34050715670571613,0.8223615743395883,0.9671015397023062,0.06617669947010145,-0.15421263949874,-0.7124597250540906,-0.6332151180082151,-0.7622057959954892
2,1.0910651341019715,1.0910651341019717,0.1316478502593157,0.1316478502593161,-0.44901720521943994,-1.6127187681103328,-1.4790492940004791,-1.2842224393207562,-0.14603963742205056,-0.18934701032553325,-0.48417290953156666,-0.44454578996568106,-0.42267172943110487
3,-0.0019040207096469146,-0.0019040207096469148,-0.5152778956164119,-0.5152778956164117,-0.6888140611972213,-1.0267509906655181,-0.788626033498459,-0.7839282217600757,-0.18336411878499187,-0.17992071571346677,-0.3031178489447376,-0.2165703519142861,-0.33581417751928544
4,-0.39908086498928,-0.39908086498928014,-0.10973781495917034,-0.10973781495917018,-0.9286109171750027,-1.8080413605919377,-1.709190380834486,-1.5343695481010966,-0.13217625863010093,-0.21526932050871608,-0.9407465405766133,-1.0026925520915102,-0.9517131819849135
5,-0.8907523856942869,-0.8907523856942873,-0.6781625922623495,-0.6781625922623494,-0.14927113524721322,0.535829749187321,0.3620794006715748,0.716954430921966,0.012145069306605426,-0.1587115528363172,-0.8462830307052248,-0.7747171140401153,-0.738517372746811
6,1.5787757818870374,1.5787757818870376,0.46903745499969673,0.469037454999696,-0.8686617031805574,-1.6127187681103328,-1.709190380834486,-1.5343695481010966,-0.18336411878499187,-0.11000903067397369,0.2321753736597992,0.2865478561991376,0.3432539556094844
7,0.7604980676567038,0.7604980676567039,0.8835214381315166,0.8835214381315172,-0.6888140611972213,-1.6127187681103328,-1.4790492940004791,-1.2842224393207562,0.04811039588602225,-0.20254382278242633,0.9406516976952172,0.7582211763054715,0.6117227524278348
8,-1.1391133592324676,-1.1391133592324678,-0.18354411193423822,-0.18354411193423786,-0.6888140611972213,-1.0267509906655181,-1.0187671203324657,-0.7839282217600757,-0.17936506721039103,-0.19582758787132898,-1.6098630688322855,-1.6080066462279725,-1.4965469167045076
9,0.13019146940908616,0.13019146940908588,-0.5425906985359115,-0.5425906985359116,-0.5689156332083306,-0.8314283981839131,-1.2489082071664726,-1.034075330540416,-0.15137170618818505,-0.1940601576315665,-0.6494840518064975,-0.5939090079993535,-0.5095292813429243
10,2.2516400288535574,2.251640028853558,2.591400462703161,2.5914004627031617,0.5701194326861309,1.1217975266321356,1.7429259216756152,1.717542866043327,0.08590535390479895,-0.18699043667251664,1.4287131653640597,1.4893148224702908,1.5671558234578478
11,1.3365816722681756,1.3365816722681758,1.3578867667951564,1.357886766795157,-0.5689156332083306,-1.8080413605919377,-1.9393314676684927,-2.034663765661777,0.07790725075559725,-0.22940876242681582,1.3263776963367215,1.119837388386995,0.8880876903290779
12,-0.93978566633624,-0.9397856663362405,0.23053880228298015,0.2305388022829806,-0.44901720521943994,-0.4407832132207034,-0.32834385983044545,-0.7839282217600757,-0.15777018870754642,-0.20819959954966621,-0.7203316842100398,-0.6961048940223928,-0.8095826424928456
13,-0.5472712132834899,-0.5472712132834902,-0.32275887704455963,-0.32275887704455947,-0.029372707258322556,-0.6361058057023082,-0.32834385983044545,-0.28363400419939516,-0.007405849502554292,-0.13043266900011774,-0.46842899121966836,-0.3973784579550472,-0.5253215635087097
14,0.5441800430955228,0.5441800430955228,-0.8860918841278357,-0.8860918841278355,-0.2691695632361039,0.14518456422411125,0.13193831383756804,0.21666021336128538,-0.11937929359137821,-0.13278924265313438,-0.34247764472448333,-0.31090501593555314,-0.3279180364363927
15,0.09396769955077924,0.09396769955077926,0.0684817767678069,0.06848177676780691,-0.5689156332083306,-0.6361058057023082,-0.32834385983044545,-0.28363400419939516,-0.055394468397764546,-0.1139366534290014,-0.5392766236232107,-0.5152967879816311,-0.7701019370783819
16,-0.22753732100451357,-0.2275373210045136,0.3787906596884317,0.3787906596884322,0.09052572073056812,-0.24546062073909852,0.13193831383756804,0.21666021336128538,-0.0627773328431815,-0.22233904146776595,0.3266388835311883,0.3337151882097708,0.3590462377752699
17,1.1674237529387148,1.167423752938715,0.7947973775499365,0.7947973775499367,-0.5089664192138853,-0.8314283981839131,-1.2489082071664726,-1.2842224393207562,-0.055394468397764546,-0.1123656043269903,0.7674685962643373,0.8446946183249667,0.7854378562514736
18,0.9801629793395956,0.9801629793395952,-0.28461989415356875,-0.2846198941535688,0.030576506736122784,0.535829749187321,-0.32834385983044545,-0.28363400419939516,0.0805732851386645,-0.11364208172237432,0.03537639476107249,0.07429486215128726,0.09847358203981099
19,-0.2394405759694771,-0.23944057596947713,-0.5562597979654098,-0.5562597979654095,0.5701194326861309,-0.4407832132207034,-0.5584849466644523,-0.5337811129797354,-0.055394468397764546,-0.08330119593978533,-0.33460568556853415,-0.3737947919497303,-0.517425422425817
20,-0.6578423499215077,-0.6578423499215079,0.5853762020991244,0.585376202099125,-0.029372707258322556,0.9264749341505307,1.5127848348416086,0.8420279853121361,-0.207358428232597,-0.17638585523394185,1.3657374921164673,1.284923050424212,1.3539600142197459
21,-0.2641707897027861,-0.2641707897027862,0.36749495541223576,0.36749495541223626,1.5293068565972563,1.9030878965585551,1.7429259216756152,1.9676899748236674,0.12589586965080748,0.11700756456662743,1.349993573804569,1.4107026024525677,1.346063873136853
22,-1.467277408158984,-1.4672774081589848,-0.9205835468204364,-0.9205835468204362,-0.2691695632361039,-0.24546062073909852,-0.32834385983044545,-0.0334868954190549,-0.18869618755112635,-0.17992071571346677,-0.4369411545958724,-0.365933569947958,-0.31212575427060724
23,-0.9492753726219239,-0.9492753726219241,-0.5398549618887805,-0.5398549618887802,0.2104241487194588,0.34050715670571613,0.13193831383756804,-0.0334868954190549,0.04858087254185767,-0.11864980073503463,-0.08270299257816406,-0.09865202188770217,-0.08313766286671993
24,0.3016080071995534,0.3016080071995534,-0.4600636156898764,-0.4600636156898761,0.2104241487194588,-0.4407832132207034,-0.788626033498459,-0.7839282217600757,-0.15670377495431953,-0.12639282845208927,-0.16142258413765487,-0.08292957788415756,-0.051553098535149645
25,1.6194475086946092,1.6194475086946087,-0.10045699155757554,-0.10045699155757615,-0.6288648472027759,-1.0267509906655181,-0.788626033498459,-0.7839282217600757,-0.055394468397764546,-0.18463386301950002,-0.1535506249817051,-0.11437446589124678,0.003719889045099479
26,-0.1150215821634541,-0.11502158216345412,-0.3119300023981666,-0.31193000239816626,-0.20922034924165858,0.535829749187321,1.052502661173595,0.9671015397023062,-0.09805101852684031,-0.17992071571346677,1.3736094512724164,1.3635352704419343,1.2907908855566046
27,-1.3689482271005675,-1.3689482271005677,-0.6441290456489853,-0.6441290456489851,1.649205284586147,-0.4407832132207034,-0.32834385983044545,-0.28363400419939516,-0.08738688099457138,-0.12336294804106789,1.2122342885754602,1.1787965534002867,1.2789466739322655
28,-1.1046960438072722,-1.1046960438072722,-0.2694968593651002,-0.2694968593650999,1.4893407139342916,0.34050715670571613,-0.09820277299643872,-0.28363400419939516,0.008590356795849125,-0.17992071571346677,1.3814814104283655,1.3949801584490231,1.5039866947947065
29,0.12270222624701863,0.12270222624701835,-0.18186276076906965,-0.1818627607690695,1.3294761432824396,0.4056146875329141,0.8223615743395883,0.5918808765317958,0.024586563094252542,-0.22940876242681582,1.550728532281271,1.6111637634977602,1.7290267156571475
30,1.3212669575228744,1.3212669575228746,1.303383121251263,1.3033831212512634,1.1696115726305842,3.0750234514481845,2.663490269011642,2.718131301164688,-0.18336411878499187,-0.22233904146776595,1.743591531602023,1.8273473685464967,1.930378313270911
31,0.7992631485199904,0.7992631485199905,1.584246654253104,1.5842466542531048,1.1696115726305842,3.0750234514481845,2.663490269011642,2.718131301164688,0.3142956327208922,-0.21526932050871608,2.4520678556374405,2.5348573487059984,2.6647194339799287
32,-0.029447560278154875,-0.02944756027815488,0.6315520250685286,0.6315520250685287,-0.44901720521943994,-0.24546062073909852,-0.09820277299643872,-0.28363400419939516,0.22898253246274067,-0.17520756840743354,-0.4448131137518216,-0.7275497820294815,-1.1017398625598742
33,0.44037657250764584,0.4403765725076456,0.831313817622737,0.8313138176227376,0.6300686466805762,1.3171201191137405,-0.32834385983044545,-0.7839282217600757,0.05835633194643753,-0.04206115701199447,0.027504435605123344,-0.145819353898336,-0.36739874185085636
34,-1.0479037095933885,-1.0479037095933887,-0.829347061393403,-0.8293470613934026,-0.5689156332083306,-0.8314283981839131,-1.0187671203324657,-0.7839282217600757,-0.16914526874196661,-0.22233904146776595,-0.7282036433659883,-0.7039661160241646,-0.6121791154205285
35,0.4933200261109475,0.4933200261109473,0.1148548301480401,0.11485483014804052,-0.14927113524721322,0.14518456422411125,-0.788626033498459,-1.5343695481010966,0.005035644285092822,-0.1488139434936474,-0.06695907426626577,-0.09079079988592986,-0.16209907369564663
36,0.5043427184000376,0.5043427184000376,-1.036153938114474,-1.0361539381144738,-0.08932192125276789,-0.05013802825749364,0.13193831383756804,0.4668073221416257,0.022809206838874392,-0.11864980073503463,-0.0039834010186726035,0.04284997414419805,-0.03576081636936418
37,0.513637463956412,0.513637463956412,0.8450981014751985,0.845098101475199,-0.2691695632361039,-0.24546062073909852,0.13193831383756804,-0.28363400419939516,0.05302426318030307,-0.13467450157554767,0.783212514576235,0.569551848262938,0.366942378858162
38,0.7775093959629809,0.7775093959629806,0.49713078444228603,0.49713078444228653,0.15047493472501347,0.9264749341505307,1.2826437480076018,1.4673957572629868,-0.06605860593003347,-0.11427330680800378,-0.8147951940814282,-0.7354110040312538,-0.627971397586314
39,1.1787002450060997,1.1787002450060993,1.3408008845284816,1.340800884528482,-0.20922034924165858,0.14518456422411125,0.5922204875055815,0.716954430921966,15.58808738162542,6.702199628776393,1.5704084301711438,1.56006582048624,
40,0.25252938548002535,0.2525293854800254,-0.5037631775853108,-0.5037631775853106,-0.20922034924165858,0.14518456422411125,0.3620794006715748,0.716954430921966,-0.05326164089131076,6.762188200351282,1.6412560625746848,1.701567816518141,1.78035163269595
41,0.16338550487158388,0.16338550487158332,-0.3736390072302925,-0.37363900723029214,-0.3890679912249946,-1.222073583147123,-1.0187671203324657,-1.2842224393207562,-0.1553707577627859,-0.11770717127382799,0.1534557821003084,0.20007441417964286,0.295877109112128
42,-1.27694007985327,-1.2769400798532702,-1.0717642152694304,-1.0717642152694304,-0.6888140611972213,-1.4173961756287279,-1.2489082071664726,-1.2842224393207562,-0.03140015895015942,-0.22587390194729087,-0.8384110715492756,-0.9948313300897379,-0.8806479122388795
43,1.3284276852165573,1.3284276852165575,-0.203765096349457,-0.20376509634945705,-0.3291187772305493,-0.24546062073909852,-0.5584849466644523,-0.28363400419939516,-0.023402055800957708,-0.0874705185566609,0.44471827087042487,0.45163351823635406,0.5485536237646935
44,0.24526205156119837,0.2452620515611984,0.08545064806469803,0.08545064806469804,-0.5089664192138853,-0.8314283981839131,-0.788626033498459,-1.034075330540416,-0.03762090584398298,-0.1587115528363172,0.49982198496206826,0.5066620722487603,0.4774883540186596
45,-1.4319979515794126,-1.4319979515794128,-0.8252898763409632,-0.825289876340963,-0.20922034924165858,-0.6361058057023082,-0.32834385983044545,-0.28363400419939516,-0.21535653138179872,-0.22233904146776595,-0.4920448686875158,-0.4681294559709979,-0.4542562937626752
46,0.789299698110585,0.7892996981105851,0.13436364050055735,0.134363640500557,-0.5689156332083306,-1.0267509906655181,-1.4790492940004791,-1.5343695481010966,-0.055394468397764546,-0.13200371810212883,-0.21652629822929825,-0.2401540179196024,-0.1542029326127539
47,1.0421144347353655,1.0421144347353657,0.1476691128760672,0.14766911287606763,-0.5689156332083306,-1.4173961756287279,-1.709190380834486,-1.5343695481010966,-0.15137170618818505,-0.16106812648933383,-0.23227021654119653,-0.31090501593555314,-0.2568527666903588
48,-1.1721612679612248,-1.1721612679612248,-0.890108271603435,-0.890108271603435,-0.2691695632361039,0.34050715670571613,0.13193831383756804,-0.28363400419939516,0.07257518198946279,-0.20819959954966621,-0.8620269490171231,-0.7747171140401153,-0.7937903603270601
49,-0.5629007897962401,-0.5629007897962404,0.06944123822233203,0.06944123822233245,-0.3291187772305493,0.14518456422411125,0.5922204875055815,0.716954430921966,-0.05859370965744522,-0.1375023899591676,-1.893253598446453,-1.8359820842793675,-1.9308346762636046
50,1.7054568949255884,1.7054568949255888,0.9729409652566401,0.9729409652566402,0.6300686466805762,2.0984104890401603,2.893631355845649,2.718131301164688,0.1269622834040344,-0.22233904146776595,0.6808770455488973,0.7110538442948382,0.7775417151685808
51,-0.5725870569036073,-0.5725870569036076,0.03754750164539147,0.037547501645391876,0.030576506736122784,0.34050715670571613,-0.32834385983044545,-0.0334868954190549,0.008590356795849125,0.039240634017078946,-0.6888438475862432,-0.8376068900542931,-0.8095826424928456
52,-0.844870168116443,-0.8448701681164433,-0.4032327285907928,-0.4032327285907927,0.030576506736122784,0.34050715670571613,0.6497557592140832,0.716954430921966,-0.023402055800957708,-0.1112434263969824,-1.0115941729801556,-1.0184149960950548,-1.038570733896733
53,-1.1889646688064277,-1.1889646688064281,-0.37612157407001107,-0.37612157407001073,0.030576506736122784,0.34050715670571613,0.3620794006715748,0.4668073221416257,-0.21535653138179872,-0.0915492037253435,-1.137545519475341,-1.0813047721092326,-1.0201464047033166
54,-1.2441345349756072,-1.2441345349756072,-0.9211623810198035,-0.9211623810198033,-0.2541822597374926,-0.5709982748751103,-0.32834385983044545,-0.0334868954190549,-0.08738688099457138,-0.22940876242681582,-0.6337401334945991,-0.6941395885219501,-0.5845426216304046
55,-1.2565423507996814,-1.2565423507996816,-0.9933888373264526,-0.9933888373264526,-0.20922034924165858,0.14518456422411125,0.3620794006715748,0.4668073221416257,-0.023402055800957708,-0.15399840553028396,-0.36609352219233077,-0.350211125944414,-0.2726450488561442
56,-0.23477858088309528,-0.2347785808830953,1.9598576874694142,1.959857687469415,-0.2691695632361039,0.14518456422411125,0.13193831383756804,-0.0334868954190549,-0.06605860593003347,-0.12336294804106789,-0.5707644602470072,-0.5860477859975812,-0.5016331402600316
57,-0.6581013812660249,-0.658101381266025,-0.428742549775282,-0.4287425497752817,-0.08932192125276789,0.34050715670571613,0.3620794006715748,0.4668073221416257,-0.15137170618818505,-0.20819959954966621,-1.5547593547406422,-1.521533204208478,-1.6228851740307904
58,-0.45684852466488446,-0.4568485246648845,1.5116106737074222,1.5116106737074229,0.33032257670834947,1.7077653040769503,-0.09820277299643872,0.21666021336128538,0.15575545474116054,-0.1375023899591676,-1.2320090293467298,-1.2385292121446774,-1.2912472485492985
59,-0.01815076540918656,-0.01815076540918656,-0.2864949727021628,-0.28649497270216245,-0.20922034924165858,-0.4407832132207034,-0.5584849466644523,-0.5337811129797354,-0.07672274346230244,-0.16295338541174711,-0.02759927848652004,-0.02790102387175206,0.08268129987402617
60,-1.0487971860019734,-1.0487971860019736,-0.8885124183200291,-0.8885124183200289,-0.14927113524721322,0.7311523416689258,-0.32834385983044545,-0.15856044980922504,-0.03939826209936113,-0.18981832505613658,-0.6652279701183957,-0.6253538960064428,-0.55690612784028
61,-0.15682065451296265,-0.15682065451296268,1.8564675697934714,1.856467569793472,-0.029372707258322556,0.7311523416689258,0.8223615743395883,0.9671015397023062,-0.15137170618818505,-0.14787131403244075,-0.2637580531649925,-0.350211125944414,-0.6042829743376358
62,1.8059364933507094,1.8059364933507092,1.3556545918976388,1.3556545918976382,10.43176513477239,0.535829749187321,0.8223615743395883,0.4668073221416257,0.04058276939265596,0.5529736903747022,0.7753405554202865,0.8446946183249667,0.7222687275883324
63,5.095382891563901,5.095382891563901,1.51895259258663,1.5189525925866298,2.9680879924639445,4.246959006337814,3.5840546163476694,3.9688668450663895,0.2581311750509424,0.017245946588923797,1.9718783471245465,1.9924330305837143,2.072508852762979
64,0.30831981633644584,0.3083198163364456,1.9621263726316145,1.9621263726316152,-0.7487632751916666,-1.4173961756287279,-1.4790492940004791,-1.5343695481010966,-0.17269998125272296,-0.1670666776061034,2.2080371218030193,2.228269690636881,2.333081508498436
65,2.7116374427023815,2.711637442702382,3.380775263616874,3.3807752636168735,-0.44901720521943994,-0.4407832132207034,-1.0187671203324657,-1.2842224393207562,-0.14497322366882368,-0.22233904146776595,1.6255121442627871,1.6701229285110517,1.6382210932038823
66,2.7715450875665435,2.7715450875665426,0.6579137089535323,0.6579137089535324,-0.44901720521943994,-0.4407832132207034,-0.32834385983044545,-0.5337811129797354,-0.21535653138179872,-0.1375023899591676,1.3893533695843148,1.41856382445434,1.2907908855566046
67,0.09507754665594623,0.09507754665594624,-0.007655814664990594,-0.007655814664990201,-0.3291187772305493,-0.24546062073909852,0.13193831383756804,0.4668073221416257,-0.023402055800957708,-0.17992071571346677,-0.23227021654119653,-0.2715989059266916,-0.1778913558614321
68,-0.26245540785713867,-0.26245540785713867,1.279580257174518,1.2795802571745187,-0.41904259822221723,-0.24546062073909852,-0.09820277299643872,-0.5337811129797354,-0.21535653138179872,-0.20112987859061637,-0.4526850729077707,-0.41310090195859184,-0.2963334721048218
69,-0.14038053379048382,-0.14038053379048385,0.2754334819890381,0.27543348198903855,-0.029372707258322556,1.1217975266321356,1.5127848348416086,1.9676899748236674,0.04058276939265596,-0.16578127379536706,-0.468428991219669,-0.5231580099834028,-0.6674521030007776
70,0.4886707262070098,0.4886707262070099,1.2831567372933008,1.2831567372933013,0.5101702186916856,1.1217975266321356,1.5127848348416086,1.9676899748236674,0.04858087254185767,-0.1587115528363172,2.074213816151884,2.149657470619159,1.9935474419340515
71,0.4886707262070098,0.4886707262070099,1.2831567372933008,1.2831567372933013,0.5101702186916856,1.1217975266321356,1.5127848348416086,1.9676899748236674,0.04858087254185767,-0.1587115528363172,2.074213816151884,2.149657470619159,1.9935474419340515
72,1.311082954871825,1.3110829548718252,2.0949849996698187,2.0949849996698195,0.5101702186916856,1.1217975266321356,1.5127848348416086,0.716954430921966,0.01773104610922253,-0.20112987859061637,2.0899577344637823,2.1024901386085255,2.230431674420832
73,3.5893549341959194,3.58935493419592,2.4743662634304004,2.4743662634304013,0.5101702186916856,-0.8314283981839131,-0.788626033498459,-0.5337811129797354,-0.11937929359137821,-0.20112987859061637,2.0899577344637823,2.1024901386085255,2.230431674420832
74,-0.6769278996230991,-0.6769278996230992,0.011917915838442162,0.011917915838442558,-0.8087124891861119,-1.4173961756287279,-1.2489082071664726,-1.2842224393207562,-0.11582458108062191,-0.1940601576315665,-1.0745698462277482,-1.1677782141287274,-1.172805132305908
75,-0.15255073669188524,-0.15255073669188526,-0.021974392479101084,-0.021974392479100692,0.030576506736122784,0.34050715670571613,0.8223615743395883,0.4668073221416257,-0.18336411878499187,-0.14928525822425068,-1.2871127434383733,-1.3092802101606276,-1.2438704020519424
76,0.9281836783769714,0.9281836783769715,-0.4753915312887748,-0.4753915312887747,-0.08932192125276789,0.9264749341505307,0.8223615743395883,0.9671015397023062,-0.18336411878499187,-0.11275836660249308,-0.7911793166135808,-0.7825783360418876,-0.7937903603270601
77,1.0907196037437286,1.0907196037437286,0.3255021177928847,0.3255021177928851,0.2104241487194588,0.9264749341505307,1.2826437480076018,0.4668073221416257,-0.019403004226356855,5.2224815299291105,0.42110239340257744,0.3966049642239492,0.3353578145265917
78,0.4674611760311955,0.4674611760311956,-0.17381305258438146,-0.17381305258438132,0.27037336271390416,1.5124427115953454,1.7429259216756152,1.4673957572629868,-0.010605090762234964,-0.1940601576315665,1.405097287896213,1.3242291604330736,1.2276217568934629
79,-0.9825615286903046,-0.9825615286903048,-0.2714408197039683,-0.27144081970396794,-0.029372707258322556,0.7311523416689258,0.8223615743395883,1.2172486484826466,-0.04339731367396198,-0.14457211091821748,0.24004733281574836,0.14504586016723675,0.09057744095691826
80,-1.196331608184092,-1.1963316081840922,-0.2579362988906562,-0.2579362988906559,0.030576506736122784,-0.05013802825749364,0.13193831383756804,-0.5337811129797354,-0.13537549988978162,-0.20819959954966621,0.3581267201549849,0.3887437422221769,0.3669423788581626
81,0.1980301659840884,0.19803016598408843,-0.2517772787369375,-0.2517772787369371,-0.029372707258322556,0.535829749187321,0.13193831383756804,0.4668073221416257,-0.07625908530872554,4.152685336843574,-0.5707644602470072,-0.5152967879816311,-0.5095292813429243
82,-0.31250663146223345,-0.31250663146223384,-0.7867581295143737,-0.7867581295143734,-0.2691695632361039,-0.05013802825749364,0.24700885725457142,0.34173376775145553,-0.23135273768020212,-0.22940876242681582,-0.9368105609986394,-0.9083578880702432,-0.9253927117086046
83,-0.37403511892121644,-0.3740351189212165,-1.0309878452242476,-1.0309878452242474,-0.3291187772305493,0.14518456422411125,0.5922204875055815,0.716954430921966,-0.15936980933738676,-0.11487928289020805,-1.0824418053836973,-1.191361880134044,-1.1175321447256596
84,-1.4349033228608856,-1.4349033228608858,-1.4130321058342796,-1.4130321058342796,-0.5089664192138853,-0.6361058057023082,-0.5584849466644523,-0.5337811129797354,-0.15137170618818505,-0.20112987859061637,-1.2634968659705264,-1.199223102135816,-1.1175321447256596
85,0.5417724026306667,0.5417724026306665,-1.2933037469722353,-1.2933037469722353,0.5101702186916856,1.1217975266321356,1.052502661173595,1.2172486484826466,0.008590356795849125,-0.20819959954966621,0.49982198496206826,0.4516335182363547,0.5248652005160159
86,-1.0642340276465887,-1.0642340276465891,-0.5026075889000131,-0.502607588900013,3.5376055254111756,-0.24546062073909852,-0.32834385983044545,-0.0334868954190549,-0.11937929359137821,-0.17002310637079698,-1.133609539897366,-1.1992231021358162,-1.1056879331013205
87,0.3526322699284727,0.3526322699284727,-0.9075879801581216,-0.9075879801581214,-0.3890679912249946,-0.4407832132207034,-0.32834385983044545,-0.28363400419939516,-0.0841876397348907,-0.11982808756154295,-0.3739654813482799,-0.31090501593555314,-0.24895662560746604
88,-0.8838429886463892,-0.8838429886463893,-0.6911662178347929,-0.6911662178347928,1.019738537644471,0.34050715670571613,0.3620794006715748,-0.0334868954190549,-0.22335463453100043,-0.18699043667251664,-1.5075275998049475,-1.6630352002403783,-1.6110409624064514
89,-0.298406135020032,-0.29840613502003205,-0.7230060751312074,-0.7230060751312072,1.559281463594479,0.34050715670571613,0.3620794006715748,-0.0334868954190549,-0.21535653138179872,-0.22233904146776595,-1.3186005800621696,-1.2542516561482218,-1.1491167090572303
90,-0.795468617361809,-0.7954686173618091,0.5424237797897055,0.5424237797897056,-0.2691695632361039,0.14518456422411125,0.3620794006715748,0.4668073221416257,-0.06339257154696624,-0.20819959954966621,-0.16142258413765423,-0.1379581318965637,-0.03576081636936418
91,-0.795468617361809,-0.7954686173618091,0.5424237797897055,0.5424237797897056,-0.2691695632361039,0.14518456422411125,0.3620794006715748,0.4668073221416257,-0.06339257154696624,-0.20819959954966621,-0.16142258413765423,-0.1379581318965637,-0.03576081636936418
92,-1.2710255199929543,-1.2710255199929545,-1.4961063323985957,-1.4961063323985957,-0.3890679912249946,-1.0267509906655181,-0.788626033498459,-0.7839282217600757,-0.15137170618818505,-0.22233904146776595,-0.08270299257816406,0.0035438641353365257,0.10636972312270372
93,-0.4298810245503802,-0.42988102455038024,-0.24964675454979757,-0.24964675454979723,-0.08932192125276789,-0.24546062073909852,0.13193831383756804,-0.0334868954190549,-0.023402055800957708,-0.17285099475441693,-0.6416120926505483,-0.6567987840135313,-0.6516598208349922
94,-0.6539044808541515,-0.6539044808541519,-0.809631544098894,-0.8096315440988938,-0.3291187772305493,-0.24546062073909852,-0.09820277299643872,-0.28363400419939516,-0.11065409015588544,-0.20819959954966621,-0.9250026222647156,-0.8611905560596094,-0.8727517711559868
95,0.044616110758943776,0.04461611075894349,-0.8080534727645209,-0.8080534727645207,0.09052572073056812,0.34050715670571613,0.3620794006715748,0.4668073221416257,0.1605543166306816,-0.20819959954966621,-1.2713688251264752,-1.3407250981677168,-1.4412739291242591
96,1.8454847080698729,1.8454847080698726,1.0462271211859426,1.0462271211859433,0.2104241487194588,1.7077653040769503,1.7429259216756152,1.9676899748236674,0.04058276939265596,-0.08260808604183927,1.050859125878504,1.096253722381678,1.1723487693132142
97,0.5783599231921595,0.5783599231921596,1.0208184863657699,1.02081848636577,0.2104241487194588,1.7077653040769503,1.7429259216756152,1.9676899748236674,0.10883324959917719,-0.22233904146776595,1.0193712892547073,1.0883925003799064,1.1881410514789998
98,2.398722356907716,2.3987223569077165,0.3728354989672532,0.3728354989672533,1.0497131446416936,4.051636413856209,5.195042224185716,2.2178370836040076,-0.15137170618818505,-0.05816441030760805,0.8383162286678784,0.9154456163409163,0.9038799724948633
99,0.05654402612831109,0.056544026128311095,-0.8733219397999039,-0.8733219397999037,-0.08932192125276789,-0.24546062073909852,-0.09820277299643872,0.21666021336128538,-0.04739636524856283,7.562035821349814,2.2552688767387132,2.204686024631564,2.333081508498436
100,-1.187484377802274,-1.1874843778022741,-0.6362774552972453,-0.6362774552972451,-0.3890679912249946,-0.24546062073909852,-0.32834385983044545,-0.5337811129797354,0.12589586965080748,-0.15635497918330055,-0.79905127576953,-1.0341374400985992,-1.0148823106480547
101,-1.0456367153681365,-1.0456367153681365,-1.0200493010202978,-1.0200493010202976,-0.5089664192138853,-0.6361058057023082,-0.788626033498459,-0.5337811129797354,-0.1135624913010497,-0.1940601576315665,-0.499916827843465,-0.41310090195859184,-0.35950260076796364
102,0.7350538447189616,0.7350538447189614,-0.8440841520440859,-0.8440841520440858,0.33032257670834947,0.9264749341505307,1.2826437480076018,1.717542866043327,-0.06605860593003347,-0.20819959954966621,0.2636632102835958,0.19221319217787056,0.04320059445956314
103,-1.4403405821261221,-1.4403405821261224,-0.9424082192810991,-0.9424082192810991,-0.44901720521943994,-0.4407832132207034,-0.5584849466644523,-0.7839282217600757,0.008590356795849125,-0.22233904146776595,-1.0824418053836973,-1.262112878149994,-1.1491167090572303
104,-0.8521535656605559,-0.8521535656605562,-1.2000812784576953,-1.200081278457695,-0.08932192125276789,0.535829749187321,0.13193831383756804,-0.28363400419939516,-0.13537549988978162,-0.22233904146776595,-0.7596914799897848,-0.6961048940223923,-0.5963868332547431
105,-0.832188149395967,-0.8321881493959671,-0.8196808394456184,-0.8196808394456182,-0.6888140611972213,-1.222073583147123,-1.0187671203324657,-0.7839282217600757,-0.17440624325788595,-0.22233904146776595,-1.247752947658628,-1.191361880134044,-1.0780514393111962
106,0.09286561342780822,0.09286561342780823,-0.3620570764773575,-0.3620570764773576,-0.2691695632361039,-0.24546062073909852,-0.09820277299643872,0.21666021336128538,-0.13537549988978162,-0.1940601576315665,-0.4369411545958724,-0.350211125944414,-0.5095292813429243
107,0.06897997399646974,0.06897997399646975,1.0789996765566114,1.078999676556612,0.2104241487194588,0.9264749341505307,1.5127848348416086,1.717542866043327,0.10456759458626963,-0.1045103588169349,-0.7045877658981414,-0.6174926740046704,-0.5095292813429243
108,0.9487265698546631,0.9487265698546633,-0.6421564949383374,-0.6421564949383372,-0.08932192125276789,0.34050715670571613,0.5922204875055815,0.716954430921966,0.013160701452535799,-0.17520756840743354,0.05899227222891929,0.08215608415305957,0.13795428745427465
109,-0.757964318926848,-0.7579643189268482,-0.16758496866899905,-0.1675849686689987,-0.2691695632361039,-0.05013802825749364,-0.32834385983044545,-0.28363400419939516,0.2645296575703038,-0.1547839300812895,-0.5943803377148547,-1.0419986621003712,-1.172805132305908
110,-1.0444385808255863,-1.0444385808255865,-0.7020772855493913,-0.702077285549391,-0.2691695632361039,-0.05013802825749364,-0.32834385983044545,-0.28363400419939516,0.2645296575703038,-0.1547839300812895,-1.342216457530017,-1.262112878149994,-1.172805132305908
111,-0.8788542474705655,-0.8788542474705656,-0.2731439658150052,-0.27314396581500505,-0.3890679912249946,-0.24546062073909852,-0.32834385983044545,-0.28363400419939516,-0.18336411878499187,-0.19547410182337646,-0.7439475616778866,-0.7511334480347984,-0.6358675386692068
112,-0.6841604319250156,-0.6841604319250157,-0.8741950332865096,-0.8741950332865094,-0.44901720521943994,-0.4407832132207034,-0.32834385983044545,-0.0334868954190549,-0.1328497831058232,-0.20819959954966621,-0.04334319679841833,0.04284997414419805,0.1221620052884892
113,-1.4217489098867533,-1.4217489098867535,-0.8807196347350028,-0.8807196347350027,0.39027179070279483,-1.0267509906655181,-0.788626033498459,-0.7839282217600757,-0.1407075686559161,-0.1940601576315665,-0.7518195208338357,-0.68824367202062,-0.6516598208349922
114,-1.0627909787583603,-1.0627909787583603,-0.8486311627707662,-0.848631162770766,0.3602971837055722,-1.0267509906655181,-1.363978750583476,-1.2842224393207562,-0.21535653138179872,-0.2308227066186258,-0.7085237454761161,-0.6253538960064428,-0.517425422425817
115,-0.7311028760348999,-0.7311028760349,-0.39679386569693686,-0.39679386569693653,0.030576506736122784,0.14518456422411125,-0.09820277299643872,-0.28363400419939516,-0.21535653138179872,-0.14457211091821748,-0.4290691954399233,-0.41310090195859184,-0.4463601526797824
116,-0.7311028760348999,-0.7311028760349,-0.39679386569693686,-0.39679386569693653,0.030576506736122784,0.14518456422411125,-0.09820277299643872,-0.28363400419939516,-0.21535653138179872,-0.14457211091821748,-0.4290691954399233,-0.41310090195859184,-0.4463601526797824
117,-0.5272737186328816,-0.5272737186328817,-1.065881114340729,-1.0658811143407287,0.27037336271390416,1.9030878965585551,0.13193831383756804,-0.28363400419939516,0.05657897569105937,-0.2046647390701413,-1.413064089933559,-1.3721699861748053,-1.2833511074664057
118,0.2968900316188186,0.29689003161881866,-0.4249395921868682,-0.42493959218686794,-0.5689156332083306,-0.8314283981839131,-0.5584849466644523,-0.5337811129797354,-0.15137170618818505,-0.18463386301950002,0.42897435255852656,0.5066620722487603,0.5959304702620493
119,-0.33740166887944234,-0.3374016688794424,-0.7859201093497503,-0.7859201093497503,0.5101702186916856,0.535829749187321,0.13193831383756804,0.4668073221416257,-0.06605860593003347,0.003892029221829635,-0.6494840518064975,-0.5624641199922643,-0.4858408580942461
120,-1.5852104368281765,-1.5852104368281767,-1.3496394885805234,-1.3496394885805236,-0.5089664192138853,-1.0267509906655181,-1.0187671203324657,-1.034075330540416,-0.18336411878499187,-0.19759501811109142,-1.8538938026667071,-1.7652310862634175,-1.701846584859717
121,-1.0425324870982438,-1.042532487098244,-0.6174088586946085,-0.6174088586946082,-0.44901720521943994,-0.4407832132207034,-0.32834385983044545,-0.0334868954190549,-0.055394468397764546,-0.22233904146776595,-0.6967158067421924,-0.7432722260330261,-0.6753482440836704
122,-0.07874065158577098,-0.078740651585771,-0.9978048656100893,-0.9978048656100891,0.030576506736122784,0.14518456422411125,0.5922204875055815,0.9671015397023062,-0.162035843720454,-0.22233904146776595,-1.1769053152550863,-1.1048884381145492,-1.0622591571454112
123,2.300681031186374,2.3006810311863743,1.985912722958303,1.9859127229583038,-0.6288648472027759,-0.8314283981839131,-0.788626033498459,-1.2842224393207562,0.0684022586072706,-0.1940601576315665,0.452590230026374,0.45949474023812636,0.35904623777526923
124,0.5754834273319073,0.5754834273319074,-0.11208800615320674,-0.11208800615320658,0.030576506736122784,1.1217975266321356,0.5922204875055815,0.9671015397023062,-0.15137170618818505,-0.20819959954966621,-0.980106336356359,-1.0026925520915102,-0.9990900284822696
125,-0.6991304874952771,-0.6991304874952771,-0.176364130443878,-0.17636413044387764,-0.7487632751916666,-1.222073583147123,-1.2489082071664726,-1.034075330540416,-0.15137170618818505,-0.22233904146776595,-0.8777708673290214,-0.7983007800454316,-0.6832443851665625
126,-0.35337836743006834,-0.3533783674300684,-0.13037551236890252,-0.13037551236890255,-0.08932192125276789,0.34050715670571613,0.8223615743395883,0.4668073221416257,-0.207358428232597,-0.2046647390701413,-0.680971888430294,-0.7983007800454323,-0.9280247587362356
127,-0.45593672613492386,-0.4559367261349239,-0.7085692215387329,-0.7085692215387327,0.5101702186916856,0.34050715670571613,0.13193831383756804,0.4668073221416257,-0.15777018870754642,-0.08801434324581857,-0.28737393063283995,-0.2715989059266916,-0.16209907369564663
128,-0.9822044197584517,-0.982204419758452,-0.39330930956317384,-0.39330930956317367,-0.44901720521943994,-0.6361058057023082,-0.5584849466644523,-0.5337811129797354,-0.18336411878499187,-0.19079720949662043,-1.7751742111072164,-1.6944800882474673,-1.614989032947898
129,-0.25260231738905037,-0.2526023173890504,0.051044476274018605,0.05104447627401901,-0.3890679912249946,-0.24546062073909852,-0.32834385983044545,-0.0334868954190549,-0.18336411878499187,-0.17520756840743354,-0.42119723628397415,-0.42096212396036414,-0.4621524348455679
130,-0.22609543342040903,-0.22609543342040908,-0.17255766288199542,-0.17255766288199506,0.09052572073056812,0.34050715670571613,0.5922204875055815,0.9671015397023062,-0.23135273768020212,-0.16982111434339553,-0.7282036433659889,-0.9948313300897379,-1.2201819788032644
131,-0.5942932290704542,-0.5942932290704545,-0.48858742872718497,-0.4885874287271847,-0.3890679912249946,-0.24546062073909852,-0.09820277299643872,-0.5337811129797354,0.02138732183457187,-0.20819959954966621,-0.16929454329360338,-0.30304379393378084,-0.5805945510889576
132,0.09451028164372088,0.0945102816437209,-0.45807782939862235,-0.45807782939862246,-0.20922034924165858,0.535829749187321,0.8223615743395883,0.716954430921966,-0.12851998290475158,-0.15635497918330055,-0.9407465405766139,-0.9398027760773321,-1.085947580394089
133,-0.17738195227153064,-0.17738195227153067,0.27622479748092477,0.2762247974809252,-0.44901720521943994,-0.8314283981839131,-0.5584849466644523,-1.034075330540416,-0.05234757195997343,3.6027900974070843,-1.263496865970526,-1.4586434281943002,-1.7176388670255025
134,-1.3313433538513755,-1.3313433538513757,-1.078451468998343,-1.078451468998343,-0.44901720521943994,-0.24546062073909852,-0.32834385983044545,-0.28363400419939516,-0.12897701737042025,-0.21291274685569947,-2.0428208224094853,-2.0796799663343073,-1.9703153816780676
135,1.0724289837198273,1.0724289837198269,-0.32993131460852515,-0.3299313146085248,0.5101702186916856,2.0984104890401603,1.052502661173595,0.9671015397023062,-0.18336411878499187,-0.17992071571346677,0.6100294131453556,0.687470178289522,0.635411175676513
136,-0.063726105979467,-0.06372610597946701,-0.13191045114233482,-0.13191045114233446,0.030576506736122784,-0.05013802825749364,0.3620794006715748,0.4668073221416257,-0.13004343112364714,-0.1386806767856759,-0.5392766236232107,-0.4759906779727702,-0.42267172943110426
137,0.46395614708351596,0.46395614708351574,-1.2277023589493372,-1.227702358949337,-0.20922034924165858,0.535829749187321,0.8223615743395883,1.2172486484826466,-0.1940282563172608,-0.145357635469223,0.03537639476107249,0.09001730615483187,0.13795428745427465
138,0.448758375613994,0.44875837561399406,-1.0863602132535788,-1.0863602132535786,-0.14927113524721322,-0.05013802825749364,0.3620794006715748,0.716954430921966,0.06457707884026108,-0.12689780852059282,-0.48417290953156666,-0.4681294559709979,-0.39108716509953395
139,-0.9364259813885191,-0.9364259813885193,-0.3955258157840056,-0.39552581578400525,-0.2691695632361039,0.14518456422411125,0.3620794006715748,0.4668073221416257,-0.02695676831171401,-0.2176258941617327,-0.6101242560267524,-0.5467416759887197,-0.430567870513997
140,-0.8606926270672766,-0.8606926270672768,-1.5056718278549055,-1.5056718278549055,-0.44901720521943994,-0.6361058057023082,-0.32834385983044545,-0.5337811129797354,-0.08738688099457138,-0.17709282732984685,-1.0194661321361047,-0.9319415540755601,-0.8885440533217722
141,-0.7715565221663115,-0.7715565221663119,-1.3899571449761638,-1.3899571449761636,-0.5689156332083306,-0.8314283981839131,-0.5584849466644523,-0.28363400419939516,-0.13004343112364714,-0.1718410346174098,-1.2241370701907806,-1.2070843241375881,-1.1254282858085523
142,-0.9868450120503776,-0.9868450120503777,-0.4618706858953022,-0.4618706858953021,-0.08932192125276789,0.34050715670571613,0.13193831383756804,-0.0334868954190549,-0.09805101852684031,-0.18699043667251664,-1.2634968659705264,-1.1756394361304996,-1.3544163772124396
143,-0.3748708979977055,-0.37487089799770557,-0.07777803592608962,-0.07777803592608923,-0.029372707258322556,0.535829749187321,0.8223615743395883,0.21666021336128538,1.0643399724904747,-0.13090398373072107,-1.2949847025943222,-1.2463904341464498,-1.4728584934558298
144,-1.0143593808940075,-1.0143593808940077,-0.7978148360045725,-0.7978148360045723,-0.6288648472027759,-0.8314283981839131,-1.0187671203324657,-0.7839282217600757,-0.18336411878499187,-0.2176258941617327,-1.932613394226198,-1.8674269722864567,-1.7571195724399657
145,0.4909572348489007,0.49095723484890075,0.35361965790360134,0.35361965790360145,-0.2691695632361039,0.14518456422411125,0.13193831383756804,-0.0334868954190549,-0.04828504337625191,-0.1280760953471011,0.9012919019154715,0.8761395063320554,0.8091262795001518
146,-0.9476103081218833,-0.9476103081218834,0.03758505963964042,0.037585059639640823,-0.3291187772305493,-0.05013802825749364,0.13193831383756804,-0.0334868954190549,-0.18336411878499187,-0.18699043667251664,-0.9407465405766133,-0.8611905560596094,-1.0148823106480547
147,-0.9199703974967544,-0.9199703974967545,-0.4899816040220384,-0.4899816040220385,0.15047493472501347,0.19401521234451247,-0.5584849466644523,-0.5337811129797354,-0.1473726546135842,-0.16578127379536706,-0.8620269490171231,-0.7825783360418876,-0.7069328084152406
148,-1.0161401877144633,-1.0161401877144633,-0.710139251564771,-0.7101392515647708,0.8998401096555803,-0.8314283981839131,-0.788626033498459,-0.5337811129797354,-0.1473726546135842,-0.16578127379536706,-0.8620269490171231,-0.7825783360418876,-0.7069328084152406
149,-1.1838663095118926,-1.183866309511893,-0.5659901434538239,-0.5659901434538236,1.5143195530986449,-0.8314283981839131,-0.788626033498459,-0.5337811129797354,-0.1473726546135842,-0.16578127379536706,-0.8620269490171231,-0.7825783360418876,-0.7069328084152406
150,-1.0845949815396625,-1.0845949815396627,-1.3768302926682607,-1.3768302926682605,-0.7487632751916666,-1.222073583147123,-1.0187671203324657,-1.034075330540416,-0.1599030162140002,-0.20819959954966621,-0.6888438475862432,-0.6174926740046704,-0.5648022689231721
151,-0.181114461952901,-0.18111446195290104,-0.8239208687944962,-0.823920868794496,-0.7487632751916666,-1.222073583147123,-1.2489082071664726,-1.2842224393207562,-0.21535653138179872,-0.22940876242681582,-1.4051921307776096,-1.3250026541641722,-1.243870402051942
152,-1.3992762089636224,-1.399276208963623,-1.0803617190908759,-1.0803617190908756,-0.6288648472027759,-0.8314283981839131,-0.5584849466644523,-0.5337811129797354,-0.15137170618818505,-0.21526932050871608,-1.720070497015573,-1.741647420258101,-1.6939504437768242
153,-1.3130174537115162,-1.3130174537115165,-1.0549417308631122,-1.054941730863112,-0.6288648472027759,-1.222073583147123,-1.0187671203324657,-1.034075330540416,-0.23135273768020212,-0.21526932050871608,-1.6649667829239296,-1.6001454242262003,-1.5755083275334343
154,-0.41198906222555076,-0.4119890622255508,-0.28370162358374795,-0.2837016235837476,0.09052572073056812,0.9264749341505307,1.2826437480076018,1.4673957572629868,0.10456759458626963,-0.14575039774472576,0.28727908775144323,0.2944090782009093,0.28008482694634257
155,-0.4741715505219619,-0.474171550521962,1.2795119474068526,1.2795119474068533,-0.6888140611972213,-1.222073583147123,-1.2489082071664726,-1.2842224393207562,-0.019847343290201408,-0.20112987859061637,0.051120313072970144,-0.09865202188770217,-0.209475920193003
156,-0.3921400137725776,-0.3921400137725777,0.9333524902330809,0.9333524902330814,-0.6888140611972213,-1.222073583147123,-1.2489082071664726,-1.2842224393207562,-0.019403004226356855,-0.20112987859061637,-0.05908711511031662,-0.21657035191428547,-0.3437103186021782
157,0.6000645985136047,0.6000645985136048,0.8785826258751177,0.8785826258751183,0.7499670746694669,2.293733081521765,1.7429259216756152,1.9676899748236674,-0.11937929359137821,-0.22233904146776595,0.4053584750906791,0.4280498522310378,0.3116693912779135
158,0.6082522076812773,0.6082522076812769,0.9279365784013027,0.927936578401303,0.7499670746694669,2.293733081521765,1.7429259216756152,1.9676899748236674,0.2285381933988961,-0.04009734563448061,0.4053584750906791,0.4280498522310378,0.3116693912779135
159,0.06374673173210857,0.06374673173210828,0.45532748661024247,0.45532748661024297,-0.3890679912249946,-0.24546062073909852,-0.09820277299643872,0.21666021336128538,-0.07938877784536967,-0.20112987859061637,0.57066961736561,0.5145232942505326,0.39063080210684015
160,0.06374673173210857,0.06374673173210828,0.45532748661024247,0.45532748661024297,-0.3890679912249946,-0.24546062073909852,-0.09820277299643872,0.21666021336128538,-0.07938877784536967,-0.20112987859061637,0.57066961736561,0.5145232942505326,0.39063080210684015
161,0.166307574059066,0.16630757405906602,0.46249603108468323,0.46249603108468373,-0.3890679912249946,-0.24546062073909852,-0.09820277299643872,0.21666021336128538,-0.06605860593003347,-0.20112987859061637,0.6493892089251008,0.6009967362700266,0.5248652005160159
162,0.09266504845052692,0.09266504845052694,-0.20631198842511106,-0.20631198842511092,-0.3890679912249946,-0.24546062073909852,-0.09820277299643872,0.21666021336128538,-0.05371065720845893,-0.20819959954966621,0.7595966371083881,0.8211109523196498,0.943360677909327
163,-0.021926915606916605,-0.02192691560691661,-0.32543795476688514,-0.3254379547668848,-0.3890679912249946,-0.24546062073909852,-0.09820277299643872,0.21666021336128538,-0.055394468397764546,-0.20819959954966621,0.751724677952439,0.8368333963231944,0.943360677909327
164,1.1732411365513034,1.1732411365513036,0.39592920674229115,0.39592920674229165,-0.6288648472027759,-0.8314283981839131,-0.788626033498459,-0.7839282217600757,0.018693223931682865,-0.17992071571346677,0.5627976582096608,0.6088579582717989,0.603826611344942
165,0.646710736658666,0.6467107366586655,0.8279639122262354,0.827963912226236,-0.6288648472027759,-0.8314283981839131,-0.788626033498459,-0.7839282217600757,0.07257518198946279,-0.17992071571346677,0.39748651593473,0.3101315222044539,0.2642925447805571
166,0.9058016266933371,0.9058016266933372,0.937146560827198,0.9371465608271978,-0.20922034924165858,0.34050715670571613,0.8223615743395883,1.2172486484826466,-0.21535653138179872,-0.1272905707960956,0.03537639476107249,0.04284997414419805,0.05109673554245587
167,0.5969846478319506,0.5969846478319507,0.9337483262688316,0.9337483262688322,-0.5689156332083306,-1.222073583147123,-1.0187671203324657,-1.034075330540416,-0.18336411878499187,-0.22233904146776595,0.2715351694395449,0.3179927442062262,0.3827346610239481
168,0.997750397775049,0.9977503977750491,0.9223859909968254,0.9223859909968255,-0.5689156332083306,-1.222073583147123,-1.0187671203324657,-1.034075330540416,-0.16736791248658847,-0.22233904146776595,0.2715351694395449,0.3179927442062262,0.3827346610239481
169,1.4780064254234362,1.4780064254234364,0.3053181011694139,0.3053181011694144,-0.7487632751916666,-1.222073583147123,-1.4790492940004791,-1.2842224393207562,-0.21535653138179872,-0.19759501811109142,0.2715351694395449,0.3258539662079985,0.3748385199410553
170,0.9095071266681531,0.9095071266681534,0.6369900621378454,0.6369900621378459,-0.5089664192138853,-0.8314283981839131,-0.5584849466644523,-1.034075330540416,-0.023402055800957708,-0.12257742349006234,0.4683341483382723,0.45949474023812636,0.5327613415989081
171,0.31614666478550796,0.31614666478550796,1.3941543025305227,1.394154302530523,-0.6288648472027759,-1.4173961756287279,-1.9393314676684927,-1.7845166568814368,0.04058276939265596,-0.2046647390701413,0.24791929197169751,0.04284997414419805,-0.13841065044696843
172,-0.6306535488035752,-0.6306535488035753,-0.5480860680322058,-0.5480860680322056,-0.44901720521943994,-0.4407832132207034,-0.5584849466644523,-0.5337811129797354,-0.10871515605910928,-0.1940601576315665,-1.8460218435107583,-1.8359820842793675,-1.7492234313570731
173,0.38101162336930294,0.381011623369303,0.03492974102611859,0.03492974102611899,-0.2691695632361039,-0.24546062073909852,-0.5584849466644523,-0.5337811129797354,-0.16736791248658847,-0.21526932050871608,-0.003983401018673237,0.019266308138881135,0.07478515879113343
174,0.8087046375590912,0.8087046375590913,0.4904441998911049,0.49044419989110494,-0.2691695632361039,-0.24546062073909852,-0.5584849466644523,-0.5337811129797354,-0.1993603250833953,-0.16376135352135282,-0.003983401018673237,0.019266308138881135,0.07478515879113343
175,1.3573220266450745,1.357322026645074,0.6703127104872265,0.6703127104872271,-0.44901720521943994,-0.8314283981839131,-0.788626033498459,-1.2842224393207562,-0.08738688099457138,-0.11315112887799587,-0.019727319330570894,0.04284997414419805,0.058992876625348606
176,1.3689079330774399,1.36890793307744,0.4876448668013884,0.4876448668013889,-0.6288648472027759,-1.0267509906655181,-1.4790492940004791,-1.5343695481010966,-0.13004343112364714,-0.11315112887799587,-0.003983401018673237,0.019266308138881135,0.07478515879113343
177,-0.34270979388556766,-0.3427097938855677,-0.29742094721740814,-0.2974209472174082,-0.029372707258322556,0.535829749187321,0.8223615743395883,0.4668073221416257,-0.010605090762234964,-0.12336294804106789,-0.6730999292743449,-0.6332151180082151,-0.6990366673323479
178,-0.3346204188133412,-0.33462041881334154,-0.22858881074439594,-0.2285888107443958,-0.029372707258322556,0.535829749187321,0.8223615743395883,0.4668073221416257,0.045153114049342635,-0.12336294804106789,-0.6652279701183957,-0.6567987840135313,-0.627971397586314
179,-0.8979276350238677,-0.897927635023868,-1.1988869841241698,-1.19888698412417,-0.44901720521943994,-0.8314283981839131,-0.5584849466644523,-0.28363400419939516,-0.23135273768020212,-0.21526932050871608,-1.7043265787036748,-1.6394515342350617,-1.5676121864505415
180,-0.5814466737880727,-0.5814466737880728,-0.6165178775274622,-0.616517877527462,-0.6888140611972213,-1.0267509906655181,-0.788626033498459,-0.7839282217600757,-0.15137170618818505,-0.20819959954966621,-0.9564904588885116,-0.9319415540755601,-0.8411672068244161
181,-0.46056560646431577,-0.4605656064643158,-0.46212482301631624,-0.4621248230163159,-0.6888140611972213,-1.0267509906655181,-0.788626033498459,-0.7839282217600757,-0.14497322366882368,-0.20819959954966621,-0.9879782955123082,-0.9319415540755598,-0.8174787835757383
182,1.0299978152885916,1.0299978152885916,0.561919857136329,0.5619198571363294,-0.08932192125276789,0.34050715670571613,0.5922204875055815,0.716954430921966,0.03144208007928255,-0.15729760864450723,-0.5077887869994141,-0.48385189997454253,-0.430567870513997
183,0.1872116016885965,0.18721160168859652,-0.6707371994266071,-0.6707371994266069,0.09052572073056812,0.9264749341505307,1.2826437480076018,1.717542866043327,0.15788828224761434,-0.20819959954966621,0.18494361872410497,0.23151930218673208,0.20901955720030924
184,0.49742308589742,0.4974230858974198,-0.9897690369790334,-0.9897690369790334,-0.44901720521943994,-0.24546062073909852,-0.09820277299643872,-0.28363400419939516,-0.18336411878499187,-0.17386095489142403,0.18494361872410497,0.23151930218673208,0.20901955720030924
185,0.6271031807369616,0.6271031807369614,-0.5832138837702479,-0.5832138837702475,-0.3890679912249946,-0.24546062073909852,-0.5584849466644523,-0.28363400419939516,-0.023402055800957708,-0.1940601576315665,-0.05908711511031662,-0.11437446589124678,-0.019968534203578716
186,0.6532469762299273,0.6532469762299272,-1.0261734027041371,-1.026173402704137,-0.44901720521943994,-0.4407832132207034,-0.09820277299643872,-0.28363400419939516,-0.11937929359137821,-0.16578127379536706,-0.08270299257816406,-0.04362346787529667,-0.13841065044696843
187,0.4319245581388931,0.43192455813889286,0.5164466012650232,0.5164466012650233,-0.20922034924165858,-0.05013802825749364,0.13193831383756804,0.4668073221416257,0.15255621348147988,-0.15164183187726732,-0.05908711511031662,-0.004317357866435779,0.08268129987402617
188,-0.09484598599708814,-0.09484598599708816,-0.7517634425159029,-0.7517634425159027,-0.20922034924165858,0.34050715670571613,0.3620794006715748,0.716954430921966,-0.03794406152677898,-0.16578127379536706,0.5391817807418133,0.5145232942505326,0.5959304702620493
189,0.9405732871625282,0.9405732871625283,0.03914298132533911,0.03914298132533912,-0.2691695632361039,-0.05013802825749364,-0.09820277299643872,0.21666021336128538,-0.08738688099457138,-0.13043266900011774,0.5155659032739666,0.593135514268255,0.4537999307699814
190,1.031960571687133,1.031960571687133,1.038562278545741,1.0385622785457416,-0.3890679912249946,-0.4407832132207034,-0.09820277299643872,-1.5343695481010966,0.029918631860386995,-0.16578127379536706,0.5155659032739666,0.593135514268255,0.4537999307699814
191,0.6653753401213494,0.6653753401213491,-0.5555040702971502,-0.5555040702971499,-0.029372707258322556,1.1217975266321356,0.8223615743395883,0.9671015397023062,-0.21535653138179872,-0.1272905707960956,-0.468428991219669,-0.4917131219763142,-0.4621524348455679
192,0.4776134170149476,0.4776134170149477,-0.45685285380614604,-0.4568528538061457,-0.029372707258322556,1.1217975266321356,0.8223615743395883,0.9671015397023062,0.017121666821664307,-0.09390577737836012,-0.468428991219669,-0.4917131219763142,-0.4621524348455679
193,-0.253249966463887,-0.2532499664638873,-0.12625639802907454,-0.12625639802907415,-0.14927113524721322,0.34050715670571613,0.5922204875055815,0.9671015397023062,-0.032999779579999756,-0.08094462228676871,0.0038885581372759084,0.07429486215128726,0.1458504285371674
194,-0.8380264296506265,-0.8380264296506267,0.6789796312552018,0.6789796312552023,-0.5689156332083306,-0.8314283981839131,-0.788626033498459,-0.7839282217600757,-0.21535653138179872,-0.08094462228676871,0.0038885581372759084,0.05857241814774266,-0.0989299450325054
195,-0.3096849930949621,-0.30968499309496245,-0.6991527466973764,-0.6991527466973761,0.09052572073056812,-0.24546062073909852,-0.09820277299643872,-0.0334868954190549,-0.18736317035959274,-0.20819959954966621,-0.1535506249817051,-0.12223568789301908,-0.03576081636936418
196,-0.3472589010919079,-0.34725890109190793,0.4696158675512105,0.469615867551211,0.09052572073056812,0.34050715670571613,0.13193831383756804,0.21666021336128538,-0.21535653138179872,-0.16679123393237416,0.20068753703600264,0.23938052418850375,0.327461673443699
197,-1.1260809578894602,-1.1260809578894604,-1.1244762151571703,-1.1244762151571701,-0.2691695632361039,-0.24546062073909852,-0.5584849466644523,-0.5337811129797354,-0.11298081107201684,-0.16578127379536706,0.2715351694395449,0.3337151882097708,0.40642308427262563
198,-1.0284195100053455,-1.028419510005346,-0.4609966077315786,-0.4609966077315783,-0.2691695632361039,-1.0267509906655181,-0.9036965769154623,-0.7839282217600757,-0.18158676252961373,-0.20819959954966621,-0.8580909694391485,-0.7865089470427731,-0.8648556300730941
199,0.20551762097001625,0.20551762097001627,-0.5056140569953641,-0.5056140569953639,0.09052572073056812,-0.4407832132207034,-0.788626033498459,-0.5337811129797354,-0.1407075686559161,-0.14962191160325308,-0.3739654813482799,-0.31876623793732545,-0.2805411899390363
200,-0.13558603209719547,-0.1355860320971955,-1.0543225320764087,-1.054322532076409,0.27037336271390416,0.7311523416689258,0.8223615743395883,0.716954430921966,0.09390345705400066,-0.17992071571346677,0.12196794547651245,0.20007441417964286,0.20112341611741652
201,-0.3206159968182001,-0.32061599681820074,-0.5356420538797317,-0.5356420538797316,-0.44901720521943994,-0.24546062073909852,0.13193831383756804,0.21666021336128538,0.008590356795849125,-0.17173472302404064,0.1455838229443599,0.16076830417078136,0.20901955720030924
202,-0.15401969495907553,-0.15401969495907583,-0.1755587948779896,-0.17555879487798923,-0.8087124891861119,-1.6127187681103328,-1.4790492940004791,-1.7845166568814368,-0.18336411878499187,-0.20112987859061637,-0.08270299257816406,-0.04362346787529667,-0.043656957452256916
203,-0.43262655862222027,-0.4326265586222203,-0.5733259450879375,-0.5733259450879374,-0.2691695632361039,0.14518456422411125,-0.5584849466644523,-0.28363400419939516,0.016588459945050833,-0.15517669235679227,-0.9958502546682573,-1.1520557701251828,-1.0543630160625184
204,-0.14999697679144658,-0.1499969767914466,-0.7999375854241735,-0.7999375854241735,-0.3291187772305493,-0.24546062073909852,-0.32834385983044545,-1.034075330540416,-0.15137170618818505,-0.14457211091821748,-0.29524588978878846,-0.30304379393378084,-0.22526820235878783
205,-0.26067113067418857,-0.26067113067418857,0.8837518442012623,0.883751844201263,-0.3890679912249946,-0.24546062073909852,-0.09820277299643872,0.21666021336128538,-0.11538024201677735,-0.18699043667251664,0.25579125112764667,0.22365808018495978,0.1221620052884892
206,-0.017272934447869568,-0.017272934447869866,-0.16891679047768635,-0.16891679047768599,-0.3890679912249946,-0.24546062073909852,-0.09820277299643872,0.21666021336128538,-0.07139067469616796,-0.18699043667251664,0.877676024447624,0.876139506332056,0.8959838314119706
207,0.4438845029512186,0.4438845029512187,0.3388678470795652,0.33886784707956563,3.4476817044195074,-1.222073583147123,-1.1338376637494691,-1.2842224393207562,-0.18336411878499187,-0.2176258941617327,0.7989564328881332,0.8682782843302836,0.9749452422408978
208,-1.3434851307998898,-1.3434851307998903,-1.0729706343496992,-1.072970634349699,-0.2691695632361039,0.14518456422411125,0.3620794006715748,0.716954430921966,-0.09538498414377308,-0.22233904146776595,-0.19291042076145082,-0.3816560139515026,-0.2805411899390363
209,-0.8891105254019854,-0.8891105254019857,-0.9654507874944627,-0.9654507874944624,-0.20922034924165858,0.34050715670571613,0.8223615743395883,0.716954430921966,-0.16736791248658847,-0.17992071571346677,0.18494361872410497,0.13718463816546506,0.16164271070295286
210,-1.316822957693744,-1.3168229576937442,-0.9330893689555492,-0.9330893689555491,-0.20922034924165858,0.34050715670571613,-0.32834385983044545,-0.5337811129797354,-0.08738688099457138,-0.1375023899591676,0.5076939441180167,0.5852742922664826,0.6669957400080839
211,1.0536544858035521,1.0536544858035521,2.321120934564965,2.321120934564966,0.6900178606750215,0.34050715670571613,-1.0187671203324657,-0.7839282217600757,-0.17269998125272296,-0.12028915631974185,0.2636632102835958,0.270825412195593,0.38273466102394743
212,-0.0531380567238329,-0.053138056723832906,-0.045216192862675024,-0.04521619286267503,-0.20922034924165858,-0.05013802825749364,0.13193831383756804,0.4668073221416257,-0.05139541682316369,-0.17285099475441693,1.3893533695843148,1.174865942399401,1.251310180142141
213,0.5871308601414934,0.5871308601414935,0.20250577189805216,0.2025057718980526,-0.6888140611972213,-1.4173961756287279,-1.2489082071664726,-1.2842224393207562,-0.23135273768020212,-0.22233904146776595,1.0272432484106566,1.1041149443834504,1.2276217568934629
214,-0.08840781876630598,-0.0884078187663063,-0.44456351948531236,-0.4445635194853121,0.2104241487194588,-0.24546062073909852,0.13193831383756804,-0.0334868954190549,-0.04360779007262519,-0.20112987859061637,2.2631408358946636,2.338326798661692,2.3804583549957927
215,0.24878950174469072,0.24878950174469078,1.3828028654425442,1.3828028654425448,0.2104241487194588,-0.24546062073909852,-0.5584849466644523,-0.28363400419939516,-0.037113089771017786,-0.20112987859061637,2.2631408358946636,2.338326798661692,2.3804583549957927
216,0.9031448233683679,0.903144823368368,2.4352533306311206,2.4352533306311215,-0.7487632751916666,-1.6127187681103328,-1.4790492940004791,-1.5343695481010966,-0.23135273768020212,-0.05266573845056926,2.011238142904292,2.0789064726032085,2.1119895581774424
217,-0.10742430344463155,-0.10742430344463157,1.358571611952615,1.3585716119526148,-0.5089664192138853,-1.0267509906655181,-1.0187671203324657,-0.7839282217600757,0.3605068953607243,-0.22233904146776595,1.7908232865377174,1.536482154480924,0.6275150345936202
218,-0.5283012495820535,-0.5283012495820536,-0.8520428791742151,-0.8520428791742151,-0.20922034924165858,0.14518456422411125,0.3620794006715748,0.21666021336128538,-0.1033830872929748,-0.21291274685569947,0.7910844737321847,0.5223845162523049,0.46169607185287415
219,-0.03170184756367442,-0.031701847563674425,-1.045968781911712,-1.045968781911712,-0.14927113524721322,0.535829749187321,0.5922204875055815,0.716954430921966,-0.08738688099457138,-0.22233904146776595,1.5704084301711432,1.6229555965004185,1.7171825040328084
220,-0.5790489755572106,-0.5790489755572107,0.09110924459381546,0.09110924459381547,-0.5089664192138853,-0.4407832132207034,-0.32834385983044545,-0.28363400419939516,-0.055394468397764546,-0.17992071571346677,1.3814814104283655,1.3713964924437068,1.3144793088052829
221,-0.3278541057770195,-0.32785410577701957,1.5767436275793758,1.5767436275793765,2.57841810150005,-0.24546062073909852,-0.32834385983044545,-0.28363400419939516,-0.04473033086549561,-0.15164183187726732,1.3814814104283655,1.4342862684578845,1.393440719634209
222,1.203274083231057,1.2032740832310571,5.017107324026667,5.017107324026668,5.9655486921862115,0.14518456422411125,-0.5584849466644523,-0.45039874338629343,0.5555082673793564,-0.18699043667251664,2.4520678556374405,2.5348573487059984,2.6647194339799287
223,-0.41413679511745455,-0.4141367951174546,-0.7260216612120595,-0.7260216612120594,-0.14927113524721322,-0.05013802825749364,0.3620794006715748,0.4668073221416257,-0.04828504337625191,-0.21526932050871608,0.2794071285954941,0.20793563618141517,0.18533113395163103
224,-0.5714393983065692,-0.5714393983065694,1.1062061109728734,1.1062061109728731,0.5101702186916856,-0.05013802825749364,-1.2489082071664726,-1.2842224393207562,-0.21535653138179872,-0.14392940901284929,-0.8698989081730722,-0.8061620020472046,-0.9122324765704501
225,-0.4494154468217334,-0.44941544682173346,-0.8293022857816735,-0.8293022857816733,0.5101702186916856,0.535829749187321,0.3620794006715748,-1.034075330540416,-0.010605090762234964,-0.05737888575660251,-1.4445519265573548,-1.3564475421712612,-1.3149356717979763
226,-1.247955716062459,-1.2479557160624593,-0.6866106155317873,-0.686610615531787,0.39027179070279483,2.48905567400337,1.7429259216756152,1.9676899748236674,-0.023402055800957708,-0.21526932050871608,0.3266388835311883,0.08215608415305957,0.15374656962006011
227,-0.8980911800564163,-0.8980911800564165,-0.01149139919343089,-0.011491399193430694,0.45022100469724013,2.48905567400337,1.7429259216756152,1.2172486484826466,-0.21535653138179872,-0.1488139434936474,0.578541576521559,0.6403028462788881,0.706476445422547
228,1.9509324893813589,1.9509324893813587,2.343335813762159,2.3433358137621596,0.27037336271390416,-0.05013802825749364,0.13193831383756804,-0.28363400419939516,0.4244917205543379,-0.1375023899591676,1.436585124520009,1.4578699344632016,1.4645059893802428
229,1.5924921729958879,1.592492172995888,1.5985802909927496,1.5985802909927502,-0.3890679912249946,-0.24546062073909852,-0.5584849466644523,-0.28363400419939516,0.04058276939265596,-0.1940601576315665,1.25553006393318,1.0569476123728172,0.9986336654895761
230,-0.6589118943746817,-0.6589118943746818,-0.4014318281874857,-0.4014318281874856,1.7691037125750375,3.4656686364113947,1.973067008509622,1.717542866043327,-0.18336411878499187,-0.17992071571346677,-0.5943803377148541,-0.5703253419940366,-0.5963868332547431
231,1.266754960836875,1.2667549608368753,2.101217956821607,2.101217956821607,-0.08932192125276789,-0.24546062073909852,0.13193831383756804,-0.0334868954190549,-0.03406619333322664,-0.13043266900011774,0.44471827087042487,0.3887437422221769,0.43800764860419594
232,-0.4013856176117033,-0.40138561761170366,1.4780964983985527,1.4780964983985525,1.3494592146139202,2.293733081521765,2.2032080953436286,2.2178370836040076,0.058864148019402714,-0.22233904146776595,0.8619321061357258,0.8604170623285113,0.6985803043396541
233,-0.7654796898009221,-0.7654796898009223,-1.1017650277067443,-1.1017650277067443,0.030576506736122784,0.535829749187321,0.8223615743395883,0.716954430921966,0.07257518198946279,-0.17049442110140028,2.4520678556374405,2.5348573487059984,2.6568232928970357
234,3.2366359881416793,3.2366359881416797,3.0747284938387875,3.0747284938387884,-0.6888140611972213,-1.0267509906655181,-1.2489082071664726,-2.034663765661777,-0.08738688099457138,-0.07605020008434957,2.1450614485554262,1.9452656985730805,1.867209184607769
235,0.11051872016840168,0.1105187201684017,-1.1774732758944608,-1.1774732758944608,-0.3890679912249946,-0.24546062073909852,-0.32834385983044545,-0.5337811129797354,-0.1273773967405799,-0.12662589617601397,-0.326733726412585,-0.2637376839249193,-0.20157977911011027
236,-1.0408251863597544,-1.0408251863597546,0.15709448311355168,0.1570944831135521,0.5701194326861309,1.1217975266321356,1.2826437480076018,0.9671015397023062,-0.04473033086549561,-0.10215378516391829,-0.27950197147689143,-0.44454578996568106,-0.35950260076796364
237,-0.3622812718599484,-0.36228127185994874,-0.5059070155547987,-0.5059070155547983,-0.20922034924165858,-0.05013802825749364,-0.32834385983044545,-0.0334868954190549,-0.09058612225425205,-0.20819959954966621,0.36599867931093344,0.4280498522310378,0.5248652005160159
238,-1.0000392219285195,-1.00003922192852,-0.9757073125676305,-0.9757073125676303,-0.5689156332083306,-0.8314283981839131,-0.5584849466644523,-0.28363400419939516,-0.11404722482524372,-0.16578127379536706,1.1295787174379948,1.096253722381678,1.1565564871474294
239,-0.9501582958424087,-0.9501582958424089,-0.9721531138021472,-0.972153113802147,-0.5689156332083306,-0.8314283981839131,-0.5584849466644523,-0.28363400419939516,-0.08738688099457138,-0.16578127379536706,1.1295787174379948,1.096253722381678,1.1565564871474294
240,1.0522656347655217,1.0522656347655217,0.0949897283377073,0.09498972833770732,-0.14927113524721322,-0.8314283981839131,-0.5584849466644523,-0.5337811129797354,-0.055394468397764546,-0.12548386432878283,0.452590230026374,0.4123274082274938,0.46959221293576686
241,-0.2976378940814882,-0.29763789408148855,-1.3792110230699564,-1.3792110230699561,-0.14927113524721322,0.14518456422411125,0.3620794006715748,0.4668073221416257,0.01498883931521047,-0.15164183187726732,-0.980106336356359,-0.9162191100720155,-0.9596093230678062
242,0.2962591288139485,0.29625912881394856,0.43545020185194305,0.43545020185194355,-0.3291187772305493,-0.24546062073909852,-0.09820277299643872,-0.0334868954190549,-0.11937929359137821,-0.22233904146776595,-0.07483103342221491,-0.05148468987706897,0.011616030127992212
243,0.5825472406027282,0.5825472406027278,-0.48390171434532003,-0.4839017143453197,-0.3291187772305493,-0.24546062073909852,-0.09820277299643872,-0.0334868954190549,-0.0820548122284369,-0.04842390587513933,-0.07483103342221491,-0.05148468987706897,0.011616030127992212
244,-1.4925770365738094,-1.4925770365738096,-1.2064031489659868,-1.2064031489659865,-0.5089664192138853,-0.6361058057023082,-0.788626033498459,-0.7839282217600757,-0.23135273768020212,-0.20819959954966621,-0.8856428264849705,-0.9948313300897379,-0.9517131819849135
245,0.8575959343501683,0.8575959343501681,1.4659302140387915,1.4659302140387918,0.5101702186916856,1.7077653040769503,1.7429259216756152,1.717542866043327,-0.21535653138179872,-0.2176258941617327,1.0823469625023006,1.0412251683692726,1.1328680638987512
246,1.3641892692544086,1.3641892692544089,1.9392217018233944,1.9392217018233944,0.5101702186916856,1.7077653040769503,1.7429259216756152,1.717542866043327,0.05457944990375895,-0.18463386301950002,1.7514634907579723,1.7880412585376357,1.7092863629499155
247,2.0730588438159008,2.0730588438159008,1.9267446150068461,1.926744615006847,-0.7487632751916666,-1.222073583147123,-1.9393314676684927,-2.034663765661777,0.041915786584189554,-0.20819959954966621,1.5861523484830413,1.4893148224702908,1.4960905537118137
248,-1.0690377975318819,-1.069037797531882,0.013388707551821774,0.013388707551822171,0.030576506736122784,1.1217975266321356,1.2826437480076018,0.9671015397023062,-0.06910550236782462,-0.15366175215128156,0.7123648821726932,0.4359110742328101,0.5011767772673378
